attribute,overall_auc,max_auc_gap,severity,valid_group_aucs
ethnicity,0.8362708871521534,0.2822727936879018,RED,2
age_group,0.8362708871521534,0.23278008790791793,RED,3
region,0.8362708871521534,0.12589807278331866,YELLOW,5
gender,0.8362708871521534,0.014571598117516404,GREEN,2
