attribute,overall_auc,max_auc_gap,severity
ethnicity,0.8451816487361433,0.30345923436586797,RED
age_group,0.8451816487361433,0.22251889387806734,RED
region,0.8451816487361433,0.11773217674857017,YELLOW
gender,0.8451816487361433,0.014008977019181024,GREEN
