overall_auc,overall_pr_auc,n_test,scenario,post_bias_auc,post_bias_pr_auc
0.8362708871521534,0.5018014533160812,630,baseline,0.8362708871521534,0.5018014533160812
0.8362708871521534,0.5018014533160812,630,ethnicity_downweight,0.8451816487361433,0.5251403401869918
0.8362708871521534,0.5018014533160812,630,female_over65_downweight,0.8302050292665382,0.49171438747223023
0.8362708871521534,0.5018014533160812,630,region_drift_like,0.8381347895752265,0.5169984587509608
