overall_auc,overall_pr_auc,n_test,scenario,post_bias_auc,post_bias_pr_auc
0.8362708871521534,0.5018014533160812,630,female_over65_downweight,0.8302050292665382,0.49171438747223023
