attribute,overall_auc,max_auc_gap,severity
ethnicity,0.8362708871521534,0.2822727936879018,RED
age_group,0.8362708871521534,0.23278008790791793,RED
region,0.8362708871521534,0.12589807278331866,YELLOW
gender,0.8362708871521534,0.014571598117516404,GREEN
