attribute,overall_auc,max_auc_gap,severity
ethnicity,0.8302050292665382,0.25847327168740086,RED
age_group,0.8302050292665382,0.22141115134075395,RED
region,0.8302050292665382,0.14119883040935677,YELLOW
gender,0.8302050292665382,0.037912376241457824,GREEN
