attribute,overall_auc,max_auc_gap,severity
ethnicity,0.8381347895752265,0.2538215607692522,RED
age_group,0.8381347895752265,0.21902075954970912,RED
region,0.8381347895752265,0.11862534551059145,YELLOW
gender,0.8381347895752265,0.030215444756261145,GREEN
